name,email,region,role,language,gender,age,school,daniyar.kakimbekov,asdasd@asdsd.com,Алматинская,teacher,russian,female,31,asdasd
daniyar.kakimbekov,asdasd@asdsd.com,Алматинская,teacher,russian,female,31,asdasd
daniyar.kakimbekov,asdasd@asdsd.com,Алматинская,teacher,russian,female,31,asdasd
daniyar.kakimbekov,asdasd@asdsd.com,Алматинская,teacher,russian,male,31,asdasd
daniyar.kakimbekov,asdasd@asdsd.com,Алматинская,teacher,russian,male,31,asdasd
daniyar.kakimbekov,asdasd@asdsd.com,Алматинская,teacher,russian,male,31,asdasd
daniyar.kakimbekov,asdasd@asdsd.com,Алматы,teacher,russian,male,31,asd
daniyar.kakimbekov,asdasd@asdsd.com,Алматы,teacher,russian,male,31,asd
daniyar.kakimbekov,asdasd@asdsd.com,Алматы,teacher,russian,male,31,asd
daniyar.kakimbekov,asdasd@asdsd.com,Алматы,teacher,russian,male,31,asd
daniyar.kakimbekov,asdasd@asdsd.com,Алматы,teacher,russian,male,31,asd
daniyar.kakimbekov,asdasd@asdsd.com,Алматы,teacher,russian,male,31,asd
daniyar.kakimbekov,asdasd@asdsd.com,Астана,teacher,russian,male,31,asdaspdoj
daniyar.kakimbekov,asdasd@asdsd.com,Астана,teacher,russian,male,31,asdaspdoj
daniyar.kakimbekov,asdasd@asdsd.com,Астана,teacher,russian,male,31,asdaspdoj
daniyar.kakimbekov,asdasd@asdsd.com,Астана,teacher,russian,male,31,asdaspdoj
daniyar.kakimbekov,asdasd@asdsd.com,Астана,teacher,russian,male,31,asdaspdoj
daniyar.kakimbekov,asdasd@asdsd.com,Астана,teacher,russian,male,31,asdaspdoj
daniyar.kakimbekov,asdasd@asdsd.com,Алматы,teacher,russian,male,31,asdaspdoj
daniyar.kakimbekov,asdasd@asdsd.com,Астана,teacher,russian,male,31,asdaspdoj
daniyar.kakimbekov,asdasd@asdsd.com,Алматы,teacher,russian,male,31,asdaspdoj
daniyar.kakimbekov,asdasd@asdsd.com,Астана,teacher,russian,male,31,asdaspdoj
daniyar.kakimbekov,asdasd@asdsd.com,Астана,teacher,russian,male,31,asdaspdoj
daniyar.kakimbekov,asdasd@asdsd.com,Астана,teacher,russian,male,31,asdaspdoj
daniyar.kakimbekov,asdasd@asdsd.com,Астана,teacher,russian,male,31,asdaspdoj
daniyar.kakimbekov,asdasd@asdsd.com,Астана,teacher,russian,male,31,asdaspdoj
daniyar.kakimbekov,asdasd@asdsd.com,Алматы,teacher,russian,male,31,asdaspdoj
daniyar.kakimbekov,asdasd@asdsd.com,Алматы,teacher,russian,male,31,asdaspdoj
daniyar.kakimbekov,asdasd@asdsd.com,Алматы,teacher,russian,male,31,asdaspdoj
daniyar.kakimbekov,asdasd@asdsd.com,Астана,teacher,russian,male,31,asdaspdoj
daniyar.kakimbekov,asdasd@asdsd.com,Астана,teacher,russian,male,31,asdaspdoj
daniyar.kakimbekov,asdasd@asdsd.com,Астана,teacher,russian,male,31,asdaspdoj
daniyar.kakimbekov,asdasd@asdsd.com,Астана,teacher,russian,male,31,asdaspdoj
daniyar.kakimbekov,asdasd@asdsd.com,Астана,teacher,russian,male,31,asdaspdoj
daniyar.kakimbekov,asdasd@asdsd.com,Астана,teacher,russian,male,31,asdaspdoj
daniyar.kakimbekov,asdasd@asdsd.com,Шымкент,teacher,russian,male,31,asdaspdoj
daniyar.kakimbekov,asdasd@asdsd.com,Астана,teacher,russian,male,31,asdaspdoj
daniyar.kakimbekov,asdasd@asdsd.com,Астана,teacher,russian,male,31,asdaspdoj
